-
    name : Chao Zhou
    IDInstitution : National University of Singapore
    mail : matzc@nus.edu.sg  
    url : "http://www.math.nus.edu.sg/~matzc/"

-
    name : Bartl Daniel
    IDInstitution : Konstanz University
    mail : daniel.bartl@uni-konstanz.de 
    url : "https://sites.google.com/site/danielbartlmath/"

-
    name : Peng Luo
    IDInstitution : ETH Zurich
    mail : peng.luo@math.ethz.ch 
    url : "https://www.math.ethz.ch/the-department/people.html?u=lpeng"

-
    name : Xiong Dewen
    IDInstitution : Shanghai Jiao Tong University
    mail : xiongdewen@sjtu.edu.cn
    url : "http://www.math.sjtu.edu.cn/faculty/show.php?id=28"

-
    name : Stéphane Crépey
    IDInstitution : Université d'Evry
    mail : stephane.crepey@univ-evry.fr
    url : "http://grozny.maths.univ-evry.fr/pages_perso/crepey/"

-
    name : Yannick Armenti
    IDInstitution : Université d'Evry
    mail : yannick.armenti@gmail.com

-
    name : Asgar Jamneshan
    IDInstitution : Konstanz
    mail : asgar.jamneshan@uni-konstanz.de
    url : "http://cms.uni-konstanz.de/math/asgar-jamneshan/home/"

-
    name : Michael Kupper
    IDInstitution : Konstanz
    mail : kupper@uni-konstanz.de
    url : "http://cms.uni-konstanz.de/math/kupper/"

-
    name : Antonis Papapantoleon
    IDInstitution : TUB
    mail : papapan@math.tu-berlin.de
    url : "http://page.math.tu-berlin.de/~papapan/"

-
    name : Martin Karlizeck
    IDInstitution : HUB
    mail : martin.karlizeck@gmail.com

-
    name : Patrick Cheridito
    IDInstitution : Princeton
    mail : dito@princeton.edu
    url : "http://www.princeton.edu/~dito/"

-
    name : Freddy Delbaen
    IDInstitution : ETH
    mail : delbaen@math.ethz.ch
    url : "https://people.math.ethz.ch/~delbaen/"

-
    name : Gregor Heyne
    IDInstitution : HUB
    mail : gh.heyne@gmail.com

-
    name : Tomasz R. Bielecki
    IDInstitution : IIT
    mail : bielecki@iit.edu
    url : "http://math.iit.edu/~bielecki/index.html"

-
    name : Igor Cialenco
    IDInstitution: IIT
    mail : igor@math.iit.edu
    url : "http://www.math.iit.edu/~igor/"

-
    name : Christoph Mainberger
    IDInstitution : TUB
    mail : mainberg@math.hu-berlin.de
    url :  "https://sites.google.com/site/christophmainberger/"

-
    name : Emanuela Rosazza Gianin
    IDInstitution : Bicocca
    mail : emanuela.rosazza1@unimib.it
    url : "http://www.dismeq.unimib.it/default.asp?idPagine=657&funzione=scheda_persona&personale=111"

-
    name : Ludovic Tangpi
    IDInstitution : University of Vienna
    mail : ludovic.tangpi@univie.ac.at
    url : "http://www.mat.univie.ac.at/~tangpi/"

-
    name : Martin Streckfuss
    IDInstitution : HUB
    mail : streckfu@math.hu-berlin.de

-
    name : Ranja Reda
